id;account_name;email_address;admission_date;created_at;updated_at;is_active;mobile_phone;rpush_feedback_id;exec_commands;is_blocked;employer_name;push_configuration;traveled_distance;language;blocked_reason;blocked_by_id;blocked_at;deleted_reason;deleted_at;deleted_by_id;last_modified_by;registration_code;password;password_hint;feature_flags;zip_code;public_place;address_number;street_name;address_complement;city_name;state_name;cnh_image;profile_image;cnh_expiration_date;cnh_status;registration_status;analyzed_by;analyzed_at;signature_image;residence_proof_image
1;Auto Loan Account;"b_H5w@oo9.c;D";2024-06-03;2024-06-03T19:53:15;2024-06-03T03:12:02;true;woefully;31350;true;true;drat placode homework;3513;24672.62;round;gadzooks;21310;2024-06-03T10:18:44;reinstate;2024-06-03T19:27:03;15219;mmm questionably hmph;overload that;colossal exactly;fallacy absent pace;than replica;97219;harbour;potentially besides yahoo;Runte Skyway;essay circa purple;gosh whoever;at daily;../fake-data/blob/hipster.txt;../fake-data/blob/hipster.txt;2024-06-03;VALID;UNDER_ANALYSIS;mitigate;2024-06-03T17:37:10;../fake-data/blob/hipster.txt;../fake-data/blob/hipster.txt
2;Home Loan Account;"#3.@8$l.Rp[`OM";2024-06-03;2024-06-03T08:13:12;2024-06-04T01:09:36;false;pruner;9256;false;true;made-up wherever required;7561;3721.66;prudent;save um plus;7529;2024-06-03T18:41:02;furthermore forenenst;2024-06-03T08:56:59;18969;phooey spherical;opulent;deeply condition;before;aquaplane;28743;mundane about;mellow;Lockman Alley;yodel which;slither yum;overspend lock;../fake-data/blob/hipster.txt;../fake-data/blob/hipster.txt;2024-06-03;INVALID;UNDER_ANALYSIS;meaningfully interrogate nor;2024-06-04T01:29:22;../fake-data/blob/hipster.txt;../fake-data/blob/hipster.txt
3;Home Loan Account;"(q[m`5@:lE8q.&I{y";2024-06-03;2024-06-04T01:10:23;2024-06-03T03:23:29;true;pro antagonise worth;4361;true;false;gee than;2023;18663.67;whoever coolly;proceed woozy gadzooks;3539;2024-06-03T02:48:13;scared;2024-06-03T05:47:21;26817;surprisingly scandalize to;since muzzle wish;gently doctor;institute painfully vainly;yet powerfully who;96206;near cold lest;network;Louisa Fort;how openly;scented zowie;woot;../fake-data/blob/hipster.txt;../fake-data/blob/hipster.txt;2024-06-03;INVALID;APPROVED;incidentally;2024-06-03T07:34:55;../fake-data/blob/hipster.txt;../fake-data/blob/hipster.txt
4;Auto Loan Account;"9(/@xZk.Xllk";2024-06-03;2024-06-03T06:09:15;2024-06-03T11:28:51;true;often;19927;false;false;sneaker bath thoroughly;13575;16980.42;though about inasmuch;out furthermore;18597;2024-06-03T16:35:05;allocation helplessly;2024-06-03T20:47:02;12089;reproachfully negative;ah pocket;queasy when;boohoo;gah;61418-8032;who;that excluding;N High Street;impala till;pish;thoughtful;../fake-data/blob/hipster.txt;../fake-data/blob/hipster.txt;2024-06-04;VALID;UNDER_ANALYSIS;apud ack grand;2024-06-03T21:36:20;../fake-data/blob/hipster.txt;../fake-data/blob/hipster.txt
5;Investment Account;"'9^I.K@KPf.]FW\s";2024-06-03;2024-06-03T18:54:18;2024-06-03T08:24:00;true;owlishly which sentimental;27053;true;true;combust;10641;4108.52;upon pitiful that;sentimental;14368;2024-06-03T20:33:03;um sniveling;2024-06-03T14:40:18;17738;mmm or;winch perfumed forearm;ew snuggle ick;taut commerce collaborate;blissfully nightclub;33340-8913;now why um;creamy phew;Enoch Lane;ha;tepid as more;after an bush;../fake-data/blob/hipster.txt;../fake-data/blob/hipster.txt;2024-06-03;VALID;PRE_REGISTRATION;intelligent;2024-06-03T09:40:37;../fake-data/blob/hipster.txt;../fake-data/blob/hipster.txt
6;Personal Loan Account;"ief@{OAC7M.1v";2024-06-03;2024-06-04T02:18:00;2024-06-03T19:52:36;true;dispossess ack willfully;20235;true;false;bogus congregation fancy;18322;3547.44;shaw round;minus;19054;2024-06-04T00:08:07;though gah;2024-06-03T16:14:14;15345;passionate like traumatic;divide;anti until;faithfully uselessly;loyally whoever however;38556;massive oof shoe;mechanize sleepily;Purdy Meadows;yuck;until;gosh partially;../fake-data/blob/hipster.txt;../fake-data/blob/hipster.txt;2024-06-03;INVALID;APPROVED;baggy;2024-06-03T21:20:54;../fake-data/blob/hipster.txt;../fake-data/blob/hipster.txt
8;Auto Loan Account;"T.:ix@<h5K|.%=n^";2024-06-03;2024-06-03T21:52:04;2024-06-03T15:21:06;true;inasmuch overstretch;13434;false;false;lifestyle;9936;3859.78;interpose celebrated on;furthermore;12147;2024-06-03T14:01:17;out for;2024-06-03T03:07:10;17906;brr absent duh;ouch happily phew;jealously;extraneous woot supposing;advanced aha;51288;fairly fatally;quaintly ew and;Carole Parks;gherkin;but supply weakly;in victorious midst;../fake-data/blob/hipster.txt;../fake-data/blob/hipster.txt;2024-06-03;INVALID;APPROVED;quaint likewise;2024-06-03T23:33:26;../fake-data/blob/hipster.txt;../fake-data/blob/hipster.txt
9;Auto Loan Account;"Mv@MCS+.'Y";2024-06-03;2024-06-03T23:22:58;2024-06-03T08:36:05;true;notepad;13586;false;false;extrapolate jiggle;30849;27755.65;pretty victoriously;phooey yellowish;13736;2024-06-03T18:26:47;shakily;2024-06-03T22:09:22;22950;worn below;left kangaroo nurse;upXXXXXX;coil speedy;silent aha wide-eyed;82660;array;off hoax oof;Dolores Park;thigh;scented;governor;../fake-data/blob/hipster.txt;../fake-data/blob/hipster.txt;2024-06-03;INVALID;PRE_REGISTRATION;rudely midst;2024-06-03T04:07:31;../fake-data/blob/hipster.txt;../fake-data/blob/hipster.txt
10;Home Loan Account;"tN@E.\|";2024-06-03;2024-06-03T20:43:42;2024-06-03T22:05:57;true;whereas per sheepishly;31146;false;false;zowie federation half;28431;27409.13;genuine calm apud;justify;26792;2024-06-03T14:31:41;reassuringly firm;2024-06-03T19:25:47;29265;bah;brr;neatly awkward prickly;since personal psst;around ew;36721;oh lone resemble;er knowingly instead;Barton Extensions;impractical;highly;toward regal minus;../fake-data/blob/hipster.txt;../fake-data/blob/hipster.txt;2024-06-04;INVALID;UNDER_ANALYSIS;whereas;2024-06-03T19:56:25;../fake-data/blob/hipster.txt;../fake-data/blob/hipster.txt
